0x000461A73d3985eef4923655782aA5d0De75C111,3,0
0x0097dE713746cc2569BBbE58eb676CFF553a7776,3,0
0x019B0EE245fb09aaf92aC93Ca3309832B7974681,3,0
0x01a21e0E34514ec4703Bd50114f72004FafE5aef,3,0
0x057291BD078F28687009ec4f17672adf6FE88423,3,0
0x06111aCCD27C6CA18dC7Df946B4A97036833Ab65,3,0
0x0683B43A526aF50e442571A96001005b84Ad56dC,3,0
0x06f844E25622eE91589EeA5fb6bf83A4071a33a1,3,0
0x07478CA73ecdc461cd033d2e6c1b4CEfda82d0b9,3,0
0x0800833a3706db6fBbD846d5d1b9370a79Af8097,3,0
0x08C1fe1d2c15Ba4B084eDa071BAf6404261a0F23,3,0
0x0A3570924483D24336Abb44136aB7816854AD444,3,0
0x0a534043a34a43a78e5585C8Eb95aCc8B3EEEED1,3,0
0x11C8678069c46B74C62A8a94B21784DFb771b8d3,3,0
0x11cD53d6776A02c8fb13B3453B7B4FBBb18f90df,3,0
0x1648C13a8Ed3ffb194B2c033497a5E82E543cb82,3,0
0x18A070E9eF5fCfe5be1d03224162c82B3E906FaC,3,0
0x18E96fd6c9423C4a854eE94E9Feda916F4f91e3c,3,0
0x19A40E873971d63fB522bdfF7612406781a026A1,3,0
0x1a647f98C3529De86FAaa8a97c7a1E63dCA714C0,3,0
0x1aC217D61C002cAa32e1D46DadBBf3dC8F07E792,3,0
0x1C3046F0cabbe1D82f3B78f3B7747CA12Cc271Fc,3,0
0x1C5Eb404d24468917FB3ffa4a5B38EAAB3C1e815,3,0
0x1d25783CCF372772a9F4248Acd6ca93d5F142DEb,3,0
0x1E0FC5065FF8aDFBd5b23B67323d9992b7dC2DC7,3,0
0x2052051A0474fB0B98283b3F38C13b0B0B6a3677,3,0
0x21eE8009897144cB08Aa603BcE48e9edaae00A1a,3,0
0x22b889a6840cAE10ab3a15cE86d09638F3172fBF,3,0
0x239E9e51a7A881221c4Cec228e1D093b5a434Dc8,3,0
0x24E1e3466c321d493275d45CA7A2c981E52BAaCc,3,0
0x25594DEA0Ad99459fCBAc3CfA0B5f7ebFB4f47A0,3,0
0x25a08D6c68183a371fD6015a28ad9a0aA57a9c57,3,0
0x25d2DFC775aCfBEbDA0bB10F396cb236364d30B0,3,0
0x29c707eF718Bed99DF9A7044b20E8CD179B46bc1,3,0
0x29e1dFE55ae0Ab953D424f62A0625149BC39b068,3,0
0x2B1edaC1D63Fb086bc358598b1A5F175C9A0541E,3,0
0x2be02a5d1533Ec63D87fF5A74F66B0906B487F5F,3,0
0x2D1b9eE5537F56b02e995595E0b24b4cb7eA2408,3,0
0x31c45743c8344EEC2BaD3056957c39dbDfd67A79,3,0
0x3225EF561EbFE8d6a10677aC81DC731E1327E6cb,3,0
0x332460257cEf06f02315b2D3e99b086079BBca15,3,0
0x333336479FC94B858F9beb748b547aF96b529Cd2,3,0
0x33934064ff64F0d65CB84aCB50cAF0A4BCf4E16c,3,0
0x34c2871C3D539C473E40a09158BDff522202E2d5,3,0
0x379E1AA678C609e8c9bF7D94E84255597760EE88,3,0
0x3d8377DF40104140B8E0a60C3ed1171084D80dE0,3,0
0x3DA406dd5A2C8201658d0fe66D3b46aB4A0a9c7B,3,0
0x3E7ce8799eccF8DF033820451fb0DDCcEC212E7E,3,0
0x3e9aAEA1c7Ab36A80A6477e9464D5C4bB35eb27e,3,0
0x3ED6D5E32f5FC7b86DD5821a600DAa096C45bbb6,3,0
0x40f1B62ED060EdbbbDa9ced30e7F57e04675B9e1,3,0
0x432c113043205Aaf3D3E3ab0A59aFBbc2b5a7531,3,0
0x4339Bb43e0657de0Df6c70424b8601a1Bb724b0B,3,0
0x44D72De7156db1554A8888C024aFDf7359334fCd,3,0
0x45dDd8614DdD6471803d9d96c6C1F58bBacC2088,3,0
0x49b753c09cb64dbDC53841AB13a04A038d4c9D20,3,0
0x4A214e160c753CBbd2dF811593f069d357281d33,3,0
0x4CCC623C8Dd8A6cBe94e706f67bB96669d60dbD1,3,0
0x4Dd39d1D416F320e3C52a87578a8276E9581eB40,3,0
0x4dd904BFFfE28FD0A35f551eA5Ec58d19f323a2B,3,0
0x4fB79d3C8f6f3A383e35462714408144Fad57F89,3,0
0x511A8643293F1a48aE3C00d4469C811B5B315DDb,3,0
0x512C579153AC6fD961a7d9e7b19281B855AAfbE1,3,0
0x5131eC1A6b58F1968175ab460915539E1FCd6942,3,0
0x5193dB56210d7311C1dB65ACD5B77eF72f666047,3,0
0x51A250b981A97D563486c564698c741836952043,3,0
0x5227e19097eC0344382d65B1a30Ed3baE93A3E10,3,0
0x539Dc849f37eE6F35466401A7fF84BDBd919C5C9,3,0
0x555C4f74be722FaF6Ba9b6005Ae1C2eE1a21752a,3,0
0x5638484ba2d2F1D1D35020572B0Aa439a9869192,3,0
0x565e986F461E080ba251f0421eEAF7bf1499Fb69,3,0
0x5790F29F5A091d36F215417F22F70a949f065cE1,3,0
0x5bF1B465EbdbB14ad4aaDaC2c169Cd660d46C666,3,0
0x5d81d3051DdD4E929c76BC572d4F1586C7B752AD,3,0
0x5f0B85D2C131B0e27e2304f569E2756Aa9988c8d,3,0
0x6181d574970AB85EbF430851bC0cBD23E687076a,3,0
0x624dA72bE397d70089A0c712E354893f681A8d0e,3,0
0x62541dFaf846C8C0171A1755b2C057673D88DAc7,3,0
0x62E55bA2756284b1Fb9625132a1B0C8D02FcEc8C,3,0
0x63322086CD68Ad013EDBD6d08427B7F7c2927944,3,0
0x6372f3AF08a32f23F891Cb4bc77F41384A20E20A,3,0
0x6434d19C2E6788E53AA3ec5c6fc0112b1852E554,3,0
0x65C3537AeFc52D848d31A49fC02573cb40C4202C,3,0
0x6800212FeF0f1729B96210e3Fdadf50FC21cF4e0,3,0
0x6888F9ecc2d5b2Ac8e959710C08E151bDD0B77fD,3,0
0x6911340D182B260f18f960A1a38b3B33356F7941,3,0
0x692ae92C1Ea5022A0CE9449a0aDE6ed531d7b56a,3,0
0x6e997A5Fb4D8Aa8f8E60b0C2e13670aDe55d4283,3,0
0x6fD155b9D52F80E8A73a8A2537268602978486e2,3,0
0x709874171Eb69207327DA50026DD5E3457F92edC,3,0
0x7575047fc3E8Ba808FeFcc0932eafDf2d2b58718,3,0
0x762f598A49CF1b0C3eca94971560B49a8367b5BC,3,0
0x77e6307785915161C95D0938B1Ab25401537dF50,3,0
0x78e1B09dB45a76018212aFdB724c1402c6cA33e1,3,0
0x78F2922C22E87e8cb45c4D75CC06BbDD10a641FB,3,0
0x790F17bf5B59b915e1c231fA63DEE280B7f465AF,3,0
0x7DBaE173Da3876ee7f2A79BA7584b425a5a33258,3,0
0x7Fd48e6eBeCc41132d3DD8c014BcAAD9e48cDbF6,3,0
0x80959b1F0a71Ccc938D6e634EC798005a3037fC2,3,0
0x814A128c8b65E428DC9864cAc3d3031B03E677bc,3,0
0x816ee3211616Bc7c7E3A8c201E2Ce35228F56ce2,3,0
0x84D19Fbb0D4F28FDb76557a4555A5ecf934e22C1,3,0
0x8506e43D89d80BB24d678F67f9e063444b8AB536,3,0
0x86Ac47be8124C845bF15CE3fbf97c8c137132Cf7,3,0
0x87c89F5F027b0Dc4626e92D92E5964Ff8661DF84,3,0
0x890754777b635E887B8335676fA210490B0dAAD8,3,0
0x8c63ACF1d581806736b9E27655102566FF649244,3,0
0x8cAC1F1E06fC1D7BBBE97688E16dc8A39a4D3647,3,0
0x8CC51f3F756bBe7E5312C4b5462d93FE7d6c3C68,3,0
0x8D067B54A1310AC962eb846363ae407DE6588D74,3,0
0x8D42388603970610302d608e81b8c06224f0dE7f,3,0
0x90aC4d3e3E21dB847bF908892936cfc911e1de61,3,0
0x925Fb9b15739dE68266c9A57586C5B1f483B6a88,3,0
0x9289bF56C250E91eb403F1FDA67D1d43304f6fBF,3,0
0x92b2549438Cebc48C93dE4ecabc46398da1F8E72,3,0
0x930AF2576a5F5859E32ea67A77AAe55C61BEFD39,3,0
0x9520fb796cA7Dfc0FD3d702D334296805b4Ead3B,3,0
0x99E83A929463515cFaE0391B8bF4b978c32712bB,3,0
0x9b4ABf724cdFF4534A990c55C8D3f2F9F704F54B,3,0
0xA017F839dd9be2a5EBc76E58Cc34ef7a542fAE6D,3,0
0xa18BbbC7B4a9d2c9B4F3Ed5CdCDe595970DBA156,3,0
0xA22b2F7D80c26D5B4e403D53EB520723858D37e7,3,0
0xA2C440C71F874Cb92bB4De7A6f7Ba920aE0E6468,3,0
0xA4d5277D9FFE79726E12107B77CA0AEf28535D05,3,0
0xa5A28781fEfD812b804336f8cC9Acdb9ddb85F14,3,0
0xa6C6cE27EA58a45a5d6b13Fd132964E3daB15DaD,3,0
0xa7C85cDDF4Fa368Ff5ECf52d21Da58d98b397528,3,0
0xa8dc6238e3253B8270489630F5044BE6f1C36542,3,0
0xaCC889AaDc2E4F903Bc3F5FF292221953560a4Eb,3,0
0xad050BF165033DD1b86D23a75504e079B2053F2C,3,0
0xaD888887cDd63C7b5C2F7e7127Cfc61b05ACAE89,3,0
0xAdEc6fffBFFF4f682d253cCC4Eb495E11DAE9E33,3,0
0xaecfe4Eff84a1cd9a24ACcc1914aC537Af7f6E1b,3,0
0xaF4C2fD63b3A6cec92643dA88A1B301b967C7C70,3,0
0xB1fE8d7274EFCaD6571F11465709a7dF0521B2A9,3,0
0xB28931d05232Bb0Ff8f1DA1c62B92A4Bd9Ff412b,3,0
0xB31d732De7C09276334135297298036cddAD970a,3,0
0xb394F1aa30Ba874df3Ae6097bF4c2474b2d8F3AC,3,0
0xb3b3B3646e51449Da07Cd544528F77fF8361E028,3,0
0xB51B9A78812B49A0ca6aA6e9a4d591D240a83380,3,0
0xb51ff2F65B935142aab32aBEfa1C0E29A4161D31,3,0
0xb5F0452bB5358b3e2b73a8518EfED4BF647c8D1E,3,0
0xb66a4910a0854d5EFd13ab4Bcaa43fe8d3F2A79C,3,0
0xb8c9Dee7897AA5EB6514a954f267700E4f5dbD71,3,0
0xBaC7d9371E8Ef0701Fa2159ed15bf940beBcc330,3,0
0xbC685360C76009D3F69986Fe790930870F279BE6,3,0
0xbd2895Dc008c31ba7b2E9177EbEC4E7B048ACB86,3,0
0xBE651dFEEBB2e47d34931cb824DA6407d94cb718,3,0
0xBeF7d26Cf0A27c98f359F59e9eba14E56F8F4087,3,0
0xbf700c542BF8eD0b6C33B2169f6e7C89b7Ae1985,3,0
0xc065d6b2ddD88bBe22c135CA2e0917E335005DcF,3,0
0xc1165124be8DC53A3826A1AA1B6643e9138d167C,3,0
0xC1254fc2cCbAB582842c27C61664a62BF8679d48,3,0
0xc410C8c596f070Db1a7d1e4a0711328908e5ff9B,3,0
0xC6188Cc503e604D97cb24b1D8dEB0c96b54bEB00,3,0
0xC68cc04c7f19Eb5564d9D75D03a55Be29947b3B2,3,0
0xC71CC6f1d8B6D1b0ee55cfc70CD210b2bd1BC506,3,0
0xC7c165bA3fCf9244A45977D4809202b1DC803941,3,0
0xcA50378EEe9e4069114eaF301d813494Ca190bB5,3,0
0xcb164699091C094112f56C6ACDB103C033a00713,3,0
0xCBA3CDe0dbe164518B45E827004089303948E7CA,3,0
0xCC6dF239266cB4fe415AAC5202cA2c4dd048ab29,3,0
0xCeF99AB15Ef93ba9f523E57BF8039a19F1CeA636,3,0
0xD435b22D96bFE40752e8b01596C1E95b3FeF3aFA,3,0
0xd4a6f030F9c555c0F74bE298f83837F356E2acE3,3,0
0xdA95971a85409BA3557efB870a78439fCa2F4f52,3,0
0xDaE420306d31d482E9a2ACd30bA3CA55Ef0197e8,3,0
0xdAE7e11DAb7670FF6650471ED493280bA1D32732,3,0
0xdBd47F66aA2F00B3dB03397F260ce9728298c495,3,0
0xDF61bd3181b55d3ee744E941A3A4dAE4075Ab7E4,3,0
0xdFfc9812FE60596c997511DE0087749a25E52C88,3,0
0xE302733accF4800146E55fC45B46b4E4fFC032D2,3,0
0xe43268837DD101aD625961966922f2cad520763C,3,0
0xe62867a9084e58D4cbebb47E62f1588B6EE40084,3,0
0xe6f723Bc9A27D904AEaEF3CaF1c1CAEB3EeECa40,3,0
0xE76Dd6a005a17f960902659856d026Fbe74f7E29,3,0
0xE8111035Af0b72e61759762088db2Cf8ED76c379,3,0
0xE8639EE410d4F36e58d318b22Ce4E0BceCB1B018,3,0
0xeB6da4D79791a15F3761140711D0cb4aB6D33504,3,0
0xEcA85146092c3BE0ae36D36F39b3D6FE5A7E4B69,3,0
0xef9351E9d1DFe415Ab06D9eE00A832743A386065,3,0
0xf478F82889986937bf446F53d6b6a4C54163f90c,3,0
0xF51278b125e8a64CaE3A3409Fae9B7a141a39069,3,0
0xf53A338220f9c34F0D30bd9b999165EA70AB93DE,3,0
0xF5771d44fb1899b255E24D050052284fab0A059f,3,0
0xf647053969636aAEE93B7afD1B551E1faa0aD708,3,0
0xF6C8A384928Acb9D6F92511601a74A41599686a7,3,0
0xF6e5044b1188D6A5401aa4591Bef57B63E6267a7,3,0
0xF725c30fB817576eB402Cc52243cdFE6D62e167E,3,0
0xf8777C332430dcc38aDF916f2E54F11ce1E739fF,3,0
0xF8a9Cf19BE9CC65DA49673c24Ae145a24290b42A,3,0
0xf9ce60e90e94694ceB82579E4B917459B1263a6b,3,0
0xFAc2c5e7b3ed88cafD831fdE58229d7BF0F73eF4,3,0
0xfB4E403D084e03a45B59CC0a9c078fE3d7A29B80,3,0
0xFD053cdDf15b6ACd73e48824ccAF89cbB903Efa4,3,0
0xfd0E1caAaD8Fa8C74FB5975521F56C350B62688f,3,0
0xfF0512636765E4B808050513B9c248044a9142C8,3,0
0xfF131C85771F4cD157F356cb22F5efd937bBc250,3,0
0xfF3cD2f11c77288CDFBb3565Fcee4Ccd5C4B0b3b,3,0
0xFF60c38F0343a8b8De07c9770266764c452A368F,3,0
