tokenId,source,validationNotes
62,unresolved,"Current owner is staking contract, but no staking event, transfer evidence, stakeInfo wallet, or manual depositor override resolved a wallet."
63,unresolved,"Current owner is staking contract, but no staking event, transfer evidence, stakeInfo wallet, or manual depositor override resolved a wallet."
67,unresolved,"Current owner is staking contract, but no staking event, transfer evidence, stakeInfo wallet, or manual depositor override resolved a wallet."
72,unresolved,"Current owner is staking contract, but no staking event, transfer evidence, stakeInfo wallet, or manual depositor override resolved a wallet."
77,unresolved,"Current owner is staking contract, but no staking event, transfer evidence, stakeInfo wallet, or manual depositor override resolved a wallet."
79,unresolved,"Current owner is staking contract, but no staking event, transfer evidence, stakeInfo wallet, or manual depositor override resolved a wallet."
122,unresolved,"Current owner is staking contract, but no staking event, transfer evidence, stakeInfo wallet, or manual depositor override resolved a wallet."
129,unresolved,"Current owner is staking contract, but no staking event, transfer evidence, stakeInfo wallet, or manual depositor override resolved a wallet."
278,unresolved,"Current owner is staking contract, but no staking event, transfer evidence, stakeInfo wallet, or manual depositor override resolved a wallet."
529,unresolved,"Current owner is staking contract, but no staking event, transfer evidence, stakeInfo wallet, or manual depositor override resolved a wallet."
544,unresolved,"Current owner is staking contract, but no staking event, transfer evidence, stakeInfo wallet, or manual depositor override resolved a wallet."
557,unresolved,"Current owner is staking contract, but no staking event, transfer evidence, stakeInfo wallet, or manual depositor override resolved a wallet."
585,unresolved,"Current owner is staking contract, but no staking event, transfer evidence, stakeInfo wallet, or manual depositor override resolved a wallet."
796,unresolved,"Current owner is staking contract, but no staking event, transfer evidence, stakeInfo wallet, or manual depositor override resolved a wallet."
797,unresolved,"Current owner is staking contract, but no staking event, transfer evidence, stakeInfo wallet, or manual depositor override resolved a wallet."
801,unresolved,"Current owner is staking contract, but no staking event, transfer evidence, stakeInfo wallet, or manual depositor override resolved a wallet."
803,unresolved,"Current owner is staking contract, but no staking event, transfer evidence, stakeInfo wallet, or manual depositor override resolved a wallet."
804,unresolved,"Current owner is staking contract, but no staking event, transfer evidence, stakeInfo wallet, or manual depositor override resolved a wallet."
806,unresolved,"Current owner is staking contract, but no staking event, transfer evidence, stakeInfo wallet, or manual depositor override resolved a wallet."
860,unresolved,"Current owner is staking contract, but no staking event, transfer evidence, stakeInfo wallet, or manual depositor override resolved a wallet."
1031,unresolved,"Current owner is staking contract, but no staking event, transfer evidence, stakeInfo wallet, or manual depositor override resolved a wallet."
1052,unresolved,"Current owner is staking contract, but no staking event, transfer evidence, stakeInfo wallet, or manual depositor override resolved a wallet."
1069,unresolved,"Current owner is staking contract, but no staking event, transfer evidence, stakeInfo wallet, or manual depositor override resolved a wallet."
1072,unresolved,"Current owner is staking contract, but no staking event, transfer evidence, stakeInfo wallet, or manual depositor override resolved a wallet."
1074,unresolved,"Current owner is staking contract, but no staking event, transfer evidence, stakeInfo wallet, or manual depositor override resolved a wallet."
1105,unresolved,"Current owner is staking contract, but no staking event, transfer evidence, stakeInfo wallet, or manual depositor override resolved a wallet."
